Row Type,Section,Sleeve,Holding,Ticker,Category,Market Value,% Port,1 Mo,3 Mo,YTD,1 Yr,3 Yr,5 Yr,10 Yr,Note
SECTION,PUBLIC EQUITY,,,,,,,,,,,,,,
SLEEVE,PUBLIC EQUITY,US Large Cap,,,,,,,,,,,,,
HOLDING,PUBLIC EQUITY,US Large Cap,Akre Focus Instl,AKRE,US Large Growth,4616238,2.9%,-3.47,0.66,-18.87,-24.01,2.82,1.06,11.07,
HOLDING,PUBLIC EQUITY,US Large Cap,Artisan Focus Fund Advisor,APDTX,US Large Growth,6931461,4.4%,4.81,21.16,16.66,19.29,24.29,12.74,,
HOLDING,PUBLIC EQUITY,US Large Cap,BlackRock Capital Appreciation Inv A,MDFGX,US Large Growth,8202,0.0%,-1.91,23.47,12.19,17.97,22.76,10.36,17.04,
HOLDING,PUBLIC EQUITY,US Large Cap,AB Relative Value A,CABDX,US Large Value,9928,0.0%,2.38,10.57,13.49,19.74,14.96,9.87,11.53,
HOLDING,PUBLIC EQUITY,US Large Cap,iShares Core Dividend Growth ETF,DGRO,US Large Value,805419,0.5%,1.62,8.50,10.22,20.99,16.38,11.02,13.39,
SUBTOTAL,PUBLIC EQUITY,US Large Cap,US Large Cap subtotal,,,12371248,7.9%,1.51,12.68,2.98,3.24,15.76,8.27,11.42,
BENCHMARK,PUBLIC EQUITY,,vs. S&P 500,,,,,-0.95,15.20,10.21,22.32,20.61,13.41,15.49,
BENCHMARK,PUBLIC EQUITY,,vs. Russell 1000 Growth,,,,,-2.68,16.74,5.33,17.71,22.58,13.71,18.55,
BENCHMARK,PUBLIC EQUITY,,vs. Russell 1000 Value,,,,,2.27,13.87,16.26,27.12,17.79,11.17,11.52,
SLEEVE,PUBLIC EQUITY,US Small / Mid Cap,,,,,,,,,,,,,
HOLDING,PUBLIC EQUITY,US Small / Mid Cap,Spyglass Growth Institutional,SPYGX,US Mid-Cap Growth,3115012,2.0%,2.29,24.74,-5.64,6.51,22.60,0.63,,
HOLDING,PUBLIC EQUITY,US Small / Mid Cap,Clarkston Partners Institutional,CISMX,US Mid-Cap Value,89538,0.1%,4.43,5.53,2.85,3.92,-0.33,-0.15,6.59,
HOLDING,PUBLIC EQUITY,US Small / Mid Cap,Lord Abbett Mid Cap Stock A,LAVLX,US Mid-Cap Value,5598,0.0%,3.11,13.50,13.80,23.10,15.08,9.37,9.01,
HOLDING,PUBLIC EQUITY,US Small / Mid Cap,iShares Russell 2500 ETF,SMMD,US Small Blend,337627,0.2%,3.67,20.27,22.68,36.72,18.34,8.28,,
HOLDING,PUBLIC EQUITY,US Small / Mid Cap,Columbia Select Small Cap Value A,SSCVX,US Small Value,5178,0.0%,6.46,17.39,27.46,39.09,16.55,8.58,10.58,
SUBTOTAL,PUBLIC EQUITY,US Small / Mid Cap,US Small / Mid Cap subtotal,,,3552953,2.3%,2.48,23.80,-2.66,9.39,21.60,1.36,6.93,
BENCHMARK,PUBLIC EQUITY,,vs. Russell 2000,,,,,3.74,21.49,22.57,40.78,18.60,6.98,11.58,
SLEEVE,PUBLIC EQUITY,Developed Intl / Global,,,,,,,,,,,,,
HOLDING,PUBLIC EQUITY,Developed Intl / Global,Baillie Gifford Intl Concntr Gr Instl,BGCG,Foreign Large Growth,1140084,0.7%,0.34,9.29,-2.31,-6.39,9.72,-2.70,,
HOLDING,PUBLIC EQUITY,Developed Intl / Global,JOHCM International Select Instl,JOHIX,Foreign Large Growth,4162494,2.7%,-0.74,6.37,5.72,15.42,11.44,2.20,7.36,
HOLDING,PUBLIC EQUITY,Developed Intl / Global,iShares Core MSCI Total Intl Stk ETF,IXUS,Foreign Large Blend,663202,0.4%,-0.13,12.27,14.14,27.35,18.86,8.77,10.07,
HOLDING,PUBLIC EQUITY,Developed Intl / Global,Kopernik Global All-Cap I,KGGIX,Foreign Sm/Mid Value,2437546,1.6%,-9.43,-6.60,0.26,21.88,21.79,11.07,12.42,
HOLDING,PUBLIC EQUITY,Developed Intl / Global,Vanguard Total International Stock ETF,VXUS,,591431,0.4%,-0.20,12.01,13.97,27.42,18.73,8.81,9.97,newly filled from Morningstar Direct
SUBTOTAL,PUBLIC EQUITY,Developed Intl / Global,Developed Intl / Global subtotal,,,8994757,5.7%,-2.88,4.03,4.39,16.07,15.05,4.90,9.36,
BENCHMARK,PUBLIC EQUITY,,vs. MSCI ACWI ex US,,,,,-0.59,14.49,13.68,27.66,18.82,8.79,9.85,
SLEEVE,PUBLIC EQUITY,Emerging Markets,,,,,,,,,,,,,
HOLDING,PUBLIC EQUITY,Emerging Markets,Artisan Developing World Advisor,APDYX,Diversified EM,1592160,1.0%,0.13,17.86,-2.50,-9.80,11.88,-2.76,10.91,
HOLDING,PUBLIC EQUITY,Emerging Markets,Lazard Emerging Markets Equity Instl,LZEMX,Diversified EM,2873003,1.8%,-1.59,14.86,22.45,43.78,26.25,13.03,10.35,
SUBTOTAL,PUBLIC EQUITY,Emerging Markets,Emerging Markets subtotal,,,4465163,2.8%,-0.98,15.93,13.55,24.67,21.13,7.40,10.55,
BENCHMARK,PUBLIC EQUITY,,vs. MSCI Emerging Markets,,,,,-1.19,22.60,21.79,41.26,21.06,6.18,9.52,
SLEEVE,PUBLIC EQUITY,Regional / Sector Equity,,,,,,,,,,,,,
HOLDING,PUBLIC EQUITY,Regional / Sector Equity,Global X Uranium ETF,URA,Natural Resources,46239,0.0%,-14.41,-8.13,1.54,17.61,31.91,20.17,15.75,
SLEEVE,PUBLIC EQUITY,Commodities,,,,,,,,,,,,,
HOLDING,PUBLIC EQUITY,Commodities,abrdn Physical Gold Shares ETF,SGOL,Commodities Focused,509050,0.3%,-11.45,-12.67,-6.62,22.26,27.95,17.75,11.54,
HOLDING,PUBLIC EQUITY,Commodities,iShares Gold Trust,IAU,Commodities Focused,38755,0.0%,-11.46,-12.69,-6.66,22.16,27.85,17.66,11.51,
HOLDING,PUBLIC EQUITY,Commodities,SPDR Gold Shares,GLD,Commodities Focused,37813,0.0%,-11.47,-12.72,-6.73,21.99,27.67,17.49,11.35,
SUBTOTAL,PUBLIC EQUITY,Commodities,Commodities subtotal,,,585618,0.4%,-11.45,-12.67,-6.63,22.24,27.93,17.73,11.53,
SLEEVE,PUBLIC EQUITY,Digital Assets,,,,,,,,,,,,,
HOLDING,PUBLIC EQUITY,Digital Assets,Bitwise Bitcoin ETF,BITB,Digital Assets,251558,0.2%,-20.17,-13.65,-32.95,-45.59,,,,
HOLDING,PUBLIC EQUITY,Digital Assets,Grayscale Bitcoin Trust ETF,GBTC,Digital Assets,399406,0.3%,-20.13,-13.68,-33.42,-46.32,22.54,8.93,53.73,
HOLDING,PUBLIC EQUITY,Digital Assets,Grayscale Ethereum Trust ETF,ETHE,Digital Assets,53705,0.0%,-21.81,-24.97,-47.22,-38.28,-11.62,-10.11,,
HOLDING,PUBLIC EQUITY,Digital Assets,Grayscale Ethereum Mini Trust ETF,ETH,Digital Assets,22490,0.0%,-21.53,-24.37,-46.47,-36.65,,,,
HOLDING,PUBLIC EQUITY,Digital Assets,Grayscale Bitcoin Mini Trust ETF,BTC,Digital Assets,48522,0.0%,-20.02,-13.40,-32.96,-45.60,,,,
SUBTOTAL,PUBLIC EQUITY,Digital Assets,Digital Assets subtotal,,,775681,0.5%,-20.29,-14.74,-34.57,-45.20,18.49,6.67,53.73,
SLEEVE,PUBLIC EQUITY,Direct Equity,,,,,,,,,,,,,
HOLDING,PUBLIC EQUITY,Direct Equity,Microsoft Corp,MSFT,Common Stock,3505556,2.2%,-17.15,1.02,-22.49,-24.29,3.97,7.44,22.74,
HOLDING,PUBLIC EQUITY,Direct Equity,Apple Inc,AAPL,Common Stock,2880325,1.8%,-7.27,14.12,6.63,41.55,14.66,16.52,28.69,
HOLDING,PUBLIC EQUITY,Direct Equity,NVIDIA Corp,NVDA,Common Stock,2610122,1.7%,-5.12,14.87,7.43,26.82,67.96,58.56,67.19,
HOLDING,PUBLIC EQUITY,Direct Equity,Amazon.com Inc,AMZN,Common Stock,2227783,1.4%,-11.93,14.44,3.26,8.64,22.28,6.74,20.88,
HOLDING,PUBLIC EQUITY,Direct Equity,Micron Technology Inc,MU,Common Stock,2196881,1.4%,18.88,241.67,304.48,836.95,163.58,68.56,55.76,Extraordinary but VERIFIED vs Robinhood month-by-month (<=0.13pp); included in totals
HOLDING,PUBLIC EQUITY,Direct Equity,Alphabet Inc Class A,GOOGL,Common Stock,1567557,1.0%,-5.98,24.35,14.31,103.27,44.24,24.09,26.16,
HOLDING,PUBLIC EQUITY,Direct Equity,Alphabet Inc Class C,GOOG,Common Stock,1184661,0.8%,-6.08,23.25,12.73,99.66,43.19,23.17,26.22,
HOLDING,PUBLIC EQUITY,Direct Equity,JPMorgan Chase & Co,JPM,Common Stock,1121613,0.7%,9.36,11.79,2.52,14.94,33.05,17.64,19.36,
HOLDING,PUBLIC EQUITY,Direct Equity,Angel Oak Mortgage REIT Inc,AOMR,Common Stock,971805,0.6%,10.33,14.36,12.89,9.98,16.17,-2.54,,
HOLDING,PUBLIC EQUITY,Direct Equity,Tesla Inc,TSLA,Common Stock,740409,0.5%,-3.49,13.14,-6.48,32.41,17.13,13.17,40.38,
HOLDING,PUBLIC EQUITY,Direct Equity,Hagerty Inc Class A,HGTY,Common Stock,619500,0.4%,16.63,13.20,-11.31,17.90,8.39,,,
HOLDING,PUBLIC EQUITY,Direct Equity,TPG Mortgage Inv Trust 8.25% Ser A Pfd,MITTPRA,,585970,0.4%,-2.26,7.04,0.04,13.30,17.52,4.99,5.42,newly filled from Morningstar Direct
HOLDING,PUBLIC EQUITY,Direct Equity,Delta Air Lines Inc,DAL,Common Stock,556500,0.4%,13.55,41.17,35.50,91.97,26.14,17.14,10.63,
HOLDING,PUBLIC EQUITY,Direct Equity,Netflix Inc,NFLX,Common Stock,474937,0.3%,-17.00,-25.74,-23.85,-46.68,17.47,6.21,22.81,
HOLDING,PUBLIC EQUITY,Direct Equity,Meta Platforms Inc Class A,META,Common Stock,439468,0.3%,-10.86,-1.45,-14.51,-23.40,25.59,10.33,17.40,
HOLDING,PUBLIC EQUITY,Direct Equity,Blackstone Inc,BX,Common Stock,407834,0.3%,0.60,3.34,-21.94,-18.01,11.84,7.35,19.82,
HOLDING,PUBLIC EQUITY,Direct Equity,Johnson & Johnson,JNJ,Common Stock,389075,0.2%,12.71,4.45,24.00,69.70,17.58,11.03,9.34,
HOLDING,PUBLIC EQUITY,Direct Equity,Cisco Systems Inc,CSCO,Common Stock,387090,0.2%,-2.46,51.93,53.56,71.68,33.21,18.78,16.44,
HOLDING,PUBLIC EQUITY,Direct Equity,The Goldman Sachs Group Inc,GS,Common Stock,338855,0.2%,-0.94,20.08,16.08,45.30,48.27,23.02,22.03,
HOLDING,PUBLIC EQUITY,Direct Equity,The Walt Disney Co,DIS,Common Stock,334736,0.2%,-4.74,0.64,-14.74,-21.18,3.68,-10.76,0.81,
HOLDING,PUBLIC EQUITY,Direct Equity,Berkshire Hathaway Inc Class B,BRKB,Common Stock,333224,0.2%,5.46,4.42,-0.45,3.01,13.64,12.48,13.20,
HOLDING,PUBLIC EQUITY,Direct Equity,Citigroup Inc,C,Common Stock,318128,0.2%,11.17,23.94,20.97,67.25,47.16,16.34,14.10,
HOLDING,PUBLIC EQUITY,Direct Equity,Exxon Mobil Corp,XOM,Common Stock,305558,0.2%,-5.88,-18.81,15.32,30.61,11.45,19.79,6.26,
HOLDING,PUBLIC EQUITY,Direct Equity,Liberty Media Corp A,FWONA,Common Stock,295393,0.2%,4.24,12.12,-2.06,-7.81,9.28,15.66,16.51,
HOLDING,PUBLIC EQUITY,Direct Equity,Schwab US Dividend Equity ETF,SCHD,,264479,0.2%,-1.59,4.21,17.46,24.08,13.52,8.51,12.37,newly filled from Morningstar Direct
HOLDING,PUBLIC EQUITY,Direct Equity,Atlanta Braves Holdings Inc Class C,BATRK,Common Stock,263850,0.2%,4.66,21.57,31.58,10.99,9.42,13.33,13.48,
HOLDING,PUBLIC EQUITY,Direct Equity,Oracle Corp,ORCL,Common Stock,258458,0.2%,-35.09,-0.04,-24.30,-32.05,8.44,14.69,14.51,
HOLDING,PUBLIC EQUITY,Direct Equity,BlackRock Inc,BLK,Common Stock,258051,0.2%,-7.60,0.58,-9.09,-6.27,14.01,3.95,12.62,
HOLDING,PUBLIC EQUITY,Direct Equity,Walmart Inc,WMT,Common Stock,209700,0.1%,-2.15,-8.67,2.10,16.82,30.30,20.09,17.38,
HOLDING,PUBLIC EQUITY,Direct Equity,Coinbase Global Inc Class A,COIN,Common Stock,198576,0.1%,-22.66,-16.28,-35.35,-58.29,26.89,-10.41,,
HOLDING,PUBLIC EQUITY,Direct Equity,DoorDash Inc Class A,DASH,Common Stock,163963,0.1%,15.85,22.90,-18.52,-25.14,34.16,0.69,,
HOLDING,PUBLIC EQUITY,Direct Equity,Camden Property Trust,CPT,Common Stock,158257,0.1%,8.44,18.32,5.93,5.34,5.25,0.25,5.73,
HOLDING,PUBLIC EQUITY,Direct Equity,CrowdStrike Holdings Inc Class A,CRWD,Common Stock,155184,0.1%,4.40,95.47,62.80,49.84,73.20,24.88,,
HOLDING,PUBLIC EQUITY,Direct Equity,Bank of America Corp,BAC,Common Stock,147767,0.1%,10.97,17.46,4.62,22.78,27.95,8.44,17.16,
HOLDING,PUBLIC EQUITY,Direct Equity,Expand Energy Corp,EXE,Common Stock,144170,0.1%,-1.97,-16.45,-16.36,-19.33,5.74,16.57,,
HOLDING,PUBLIC EQUITY,Direct Equity,Take-Two Interactive Software Inc,TTWO,Common Stock,140041,0.1%,11.52,26.57,-2.36,2.94,19.32,7.15,20.75,
HOLDING,PUBLIC EQUITY,Direct Equity,Starbucks Corp,SBUX,Common Stock,136367,0.1%,3.06,14.76,22.82,14.22,3.33,0.27,7.72,
HOLDING,PUBLIC EQUITY,Direct Equity,ASML Holding NV ADR,ASML,Common Stock,134169,0.1%,23.36,50.86,86.43,149.34,40.54,23.98,35.27,
HOLDING,PUBLIC EQUITY,Direct Equity,Truist Financial Corp,TFC,Common Stock,131618,0.1%,3.34,9.51,3.35,20.73,22.70,1.59,6.67,
HOLDING,PUBLIC EQUITY,Direct Equity,Eli Lilly & Co,LLY,,121852,0.1%,8.55,30.59,11.93,54.69,37.39,39.77,31.71,newly filled from Morningstar Direct
HOLDING,PUBLIC EQUITY,Direct Equity,Broadcom Inc,AVGO,Common Stock,121435,0.1%,-15.30,22.26,9.52,37.96,64.29,52.09,38.12,
HOLDING,PUBLIC EQUITY,Direct Equity,Franco-Nevada Corp,FNV,Common Stock,110768,0.1%,-9.46,-15.45,0.98,28.16,14.30,8.24,11.23,
HOLDING,PUBLIC EQUITY,Direct Equity,First Horizon Corp,FHN,Common Stock,109232,0.1%,6.52,13.40,8.70,23.96,34.60,10.66,8.49,
HOLDING,PUBLIC EQUITY,Direct Equity,Analog Devices Inc,ADI,Common Stock,108312,0.1%,-3.76,25.19,47.26,68.62,28.02,19.23,22.34,
HOLDING,PUBLIC EQUITY,Direct Equity,Mastercard Inc Class A,MA,Common Stock,107878,0.1%,3.97,2.96,-9.73,-8.02,9.91,7.58,19.71,
HOLDING,PUBLIC EQUITY,Direct Equity,Arista Networks Inc,ANET,Common Stock,79995,0.1%,6.53,38.36,29.65,66.04,61.25,49.64,45.40,
HOLDING,PUBLIC EQUITY,Direct Equity,Uber Technologies Inc,UBER,Common Stock,77046,0.0%,2.50,0.32,-11.69,-22.66,18.68,7.56,,
HOLDING,PUBLIC EQUITY,Direct Equity,Palantir Technologies Inc Cl A,PLTR,,64650,0.0%,-25.47,-20.24,-34.36,-14.41,96.70,34.65,,newly filled from Morningstar Direct
HOLDING,PUBLIC EQUITY,Direct Equity,Affirm Holdings Inc Class A,AFRM,Common Stock,63435,0.0%,10.73,77.98,9.57,17.95,74.57,3.90,,
HOLDING,PUBLIC EQUITY,Direct Equity,Teck Resources Ltd,TECK,,60171,0.0%,-9.99,15.07,24.54,48.15,13.11,22.02,17.03,newly filled from Morningstar Direct
HOLDING,PUBLIC EQUITY,Direct Equity,Baidu Inc ADR,BIDU,Common Stock,58555,0.0%,-15.53,2.58,-12.53,33.27,-5.84,-10.93,-3.61,
HOLDING,PUBLIC EQUITY,Direct Equity,Toll Brothers Inc,TOL,Common Stock,57192,0.0%,18.92,20.91,22.22,45.24,28.45,23.94,20.30,
HOLDING,PUBLIC EQUITY,Direct Equity,Tencent Holdings Ltd ADR,TCEHY,Common Stock,55350,0.0%,1.14,-11.59,-26.98,-13.34,10.22,-4.32,10.27,
HOLDING,PUBLIC EQUITY,Direct Equity,iShares Silver Trust,SLV,,55020,0.0%,-22.46,-19.22,-18.54,62.63,37.12,17.35,11.79,newly filled from Morningstar Direct
HOLDING,PUBLIC EQUITY,Direct Equity,Energy Transfer LP,ET,Common Stock,53682,0.0%,-0.26,0.82,20.03,12.82,21.90,18.46,7.75,
HOLDING,PUBLIC EQUITY,Direct Equity,Schwab Fundamental US Large Co ETF,FNDX,,52280,0.0%,0.77,12.10,15.19,28.72,19.57,13.37,14.23,newly filled from Morningstar Direct
HOLDING,PUBLIC EQUITY,Direct Equity,Veon Ltd Spon ADS,VEON,,52000,0.0%,-7.00,12.76,-0.68,13.33,36.70,2.68,-2.01,newly filled from Morningstar Direct
HOLDING,PUBLIC EQUITY,Direct Equity,Sony Group Corporation ADR,SONY,,51975,0.0%,-7.00,-3.09,-21.34,-20.02,5.37,1.82,13.92,newly filled from Morningstar Direct
HOLDING,PUBLIC EQUITY,Direct Equity,Novo Nordisk A/S ADR,NVO,,51613,0.0%,5.18,30.45,-3.39,-27.93,-13.28,5.38,7.91,newly filled from Morningstar Direct
HOLDING,PUBLIC EQUITY,Direct Equity,Ferrovial N.V.,FER,,51280,0.0%,0.85,6.44,7.16,30.45,30.25,19.74,14.84,newly filled from Morningstar Direct
HOLDING,PUBLIC EQUITY,Direct Equity,Apollo Asset Management Class A,APO,Common Stock,50677,0.0%,-8.08,6.69,-17.53,-15.13,17.33,15.43,24.67,
HOLDING,PUBLIC EQUITY,Direct Equity,Spotify Technology SA,SPOT,Common Stock,50289,0.0%,-7.75,-5.32,-20.94,-40.17,41.94,10.75,,
HOLDING,PUBLIC EQUITY,Direct Equity,Alibaba Group Holding Ltd ADR,BABA,Common Stock,49542,0.0%,-21.89,-22.66,-33.80,-14.44,6.85,-14.82,2.49,
HOLDING,PUBLIC EQUITY,Direct Equity,Marvell Technology Inc,MRVL,,49058,0.0%,45.31,200.81,250.68,285.18,70.94,38.67,41.20,Extraordinary but VERIFIED vs Robinhood month-by-month (<=0.13pp); included in totals
HOLDING,PUBLIC EQUITY,Direct Equity,KKR & Co Inc,KKR,Common Stock,48987,0.0%,-4.34,-0.57,-27.71,-30.44,18.81,9.94,23.03,
HOLDING,PUBLIC EQUITY,Direct Equity,Adobe Inc,ADBE,Common Stock,43944,0.0%,-20.91,-15.66,-41.42,-47.01,-25.15,-18.94,7.91,
HOLDING,PUBLIC EQUITY,Direct Equity,Visa Inc Class A,V,Common Stock,41469,0.0%,5.13,13.74,-1.79,-2.64,13.80,8.60,17.05,
HOLDING,PUBLIC EQUITY,Direct Equity,McKesson Corp,MCK,,39086,0.0%,1.88,-12.59,-7.69,3.56,21.38,32.06,15.31,newly filled from Morningstar Direct
HOLDING,PUBLIC EQUITY,Direct Equity,AeroVironment Inc,AVAV,Common Stock,38178,0.0%,-20.35,-9.82,-31.76,-42.07,17.30,10.51,19.50,
HOLDING,PUBLIC EQUITY,Direct Equity,Sprott Copper Miners ETF,COPP,,37830,0.0%,-9.47,8.69,10.59,71.08,,,,newly filled from Morningstar Direct
HOLDING,PUBLIC EQUITY,Direct Equity,Hewlett Packard Enterprise Co,HPE,Common Stock,36576,0.0%,5.14,90.06,88.99,123.31,40.60,26.73,12.54,
HOLDING,PUBLIC EQUITY,Direct Equity,Shell PLC ADR,SHEL,Common Stock,36112,0.0%,-7.82,-15.78,7.60,14.33,12.52,17.27,6.67,
HOLDING,PUBLIC EQUITY,Direct Equity,Sysco Corp,SYY,Common Stock,30361,0.0%,10.25,17.93,14.89,13.20,6.56,3.78,7.12,
HOLDING,PUBLIC EQUITY,Direct Equity,Unilever PLC ADR,UL,Common Stock,29779,0.0%,6.50,6.49,-6.39,-9.33,4.36,1.48,4.12,
HOLDING,PUBLIC EQUITY,Direct Equity,Boston Scientific Corp,BSX,Common Stock,28920,0.0%,-11.65,-31.98,-55.24,-60.26,-7.59,-0.04,6.21,
HOLDING,PUBLIC EQUITY,Direct Equity,PepsiCo Inc,PEP,Common Stock,28617,0.0%,-5.07,-11.86,-3.64,6.90,-6.42,1.66,5.39,
HOLDING,PUBLIC EQUITY,Direct Equity,BWX Technologies Inc,BWXT,Common Stock,27439,0.0%,-0.63,-4.68,12.93,35.84,40.29,27.96,18.93,
HOLDING,PUBLIC EQUITY,Direct Equity,Pfizer Inc,PFE,Common Stock,22292,0.0%,-8.02,-12.71,0.16,6.44,-7.36,-3.74,1.44,
HOLDING,PUBLIC EQUITY,Direct Equity,3M Co,MMM,Common Stock,19098,0.0%,5.73,12.02,2.10,8.34,22.73,-0.17,2.49,
HOLDING,PUBLIC EQUITY,Direct Equity,Zimmer Biomet Holdings Inc,ZBH,Common Stock,16724,0.0%,4.86,-4.52,-3.73,-4.56,-15.14,-10.19,-1.96,
HOLDING,PUBLIC EQUITY,Direct Equity,Kyivstar Group Ltd,KYIV,,15680,0.0%,13.24,59.78,24.58,,,,,newly filled from Morningstar Direct
HOLDING,PUBLIC EQUITY,Direct Equity,Abbott Laboratories,ABT,Common Stock,15344,0.0%,6.00,-11.01,-26.57,-31.49,-3.63,-2.65,10.60,
HOLDING,PUBLIC EQUITY,Direct Equity,PayPal Holdings Inc,PYPL,Common Stock,12808,0.0%,-3.20,-4.22,-25.56,-41.33,-13.23,-31.61,1.79,
HOLDING,PUBLIC EQUITY,Direct Equity,Vaxart Inc,VXRT,Common Stock,12800,0.0%,-6.20,0.00,74.65,33.85,-6.07,-39.54,-27.65,
HOLDING,PUBLIC EQUITY,Direct Equity,Advanced Micro Devices Inc,AMD,Common Stock,12334,0.0%,12.56,185.56,171.25,309.38,72.13,43.97,60.44,Extraordinary but VERIFIED vs Robinhood month-by-month (<=0.13pp); included in totals
HOLDING,PUBLIC EQUITY,Direct Equity,Haemonetics Corp,HAE,Common Stock,12161,0.0%,10.60,33.07,-6.43,0.52,-4.14,2.39,9.97,
HOLDING,PUBLIC EQUITY,Direct Equity,Axon Enterprise Inc,AXON,Common Stock,8956,0.0%,24.94,32.00,-1.29,-32.29,42.16,25.96,36.55,
HOLDING,PUBLIC EQUITY,Direct Equity,Occidental Petroleum Corp,OXY,Common Stock,7688,0.0%,-13.77,-24.88,19.38,18.00,-4.45,10.79,-1.67,
HOLDING,PUBLIC EQUITY,Direct Equity,Corteva Inc,CTVA,Common Stock,7151,0.0%,8.42,1.39,26.88,14.60,14.82,14.66,,
HOLDING,PUBLIC EQUITY,Direct Equity,iShares Core S&P 500 ETF,IVV,,7087,0.0%,-0.96,15.19,10.19,22.29,20.58,13.37,15.47,newly filled from Morningstar Direct
HOLDING,PUBLIC EQUITY,Direct Equity,Kenvue Inc,KVUE,Common Stock,6611,0.0%,10.59,12.05,13.19,-4.73,-6.55,,,
HOLDING,PUBLIC EQUITY,Direct Equity,Qnity Electronics Inc,Q,,6107,0.0%,4.69,41.61,100.21,,,,,newly filled from Morningstar Direct
HOLDING,PUBLIC EQUITY,Direct Equity,Baxter International Inc,BAX,Common Stock,5913,0.0%,13.53,26.96,11.67,-28.93,-19.83,-20.37,-4.12,
HOLDING,PUBLIC EQUITY,Direct Equity,China Mobile Ltd (HKD),941:HK,,4731,0.0%,-7.61,-0.61,-3.71,-6.52,12.56,15.50,2.98,"returns in HKD (local), not USD; newly filled from Morningstar Direct"
HOLDING,PUBLIC EQUITY,Direct Equity,RTX Corp,RTX,Common Stock,4000,0.0%,5.61,-1.26,4.22,31.83,26.32,18.79,9.36,
HOLDING,PUBLIC EQUITY,Direct Equity,DuPont de Nemours Inc,DD,Common Stock,3917,0.0%,-6.62,-0.84,13.47,35.86,10.44,5.02,2.16,
HOLDING,PUBLIC EQUITY,Direct Equity,Morgan Stanley,MS,Common Stock,3902,0.0%,0.50,27.63,18.88,51.24,37.11,19.78,24.47,
HOLDING,PUBLIC EQUITY,Direct Equity,Dow Inc,DOW,Common Stock,3141,0.0%,-18.93,-33.47,20.02,8.61,-13.59,-8.78,,
HOLDING,PUBLIC EQUITY,Direct Equity,Zeta Global Holdings Corp Class A,ZETA,Common Stock,2654,0.0%,-14.02,23.62,-3.29,27.05,32.09,18.56,,
HOLDING,PUBLIC EQUITY,Direct Equity,Dutch Bros Inc Class A,BROS,Common Stock,2430,0.0%,23.81,41.75,17.30,5.03,36.16,,,
HOLDING,PUBLIC EQUITY,Direct Equity,Procter & Gamble Co,PG,Common Stock,2271,0.0%,2.15,2.28,3.82,-5.29,1.53,4.23,7.87,
HOLDING,PUBLIC EQUITY,Direct Equity,AbbVie Inc,ABBV,Common Stock,2230,0.0%,15.58,16.50,11.65,39.20,26.20,20.18,17.14,
HOLDING,PUBLIC EQUITY,Direct Equity,U-Haul Holding Co,UHAL,Common Stock,2170,0.0%,13.04,36.96,29.82,8.06,5.76,2.18,5.93,
HOLDING,PUBLIC EQUITY,Direct Equity,Strategy Class A,MSTR,Common Stock,2015,0.0%,-45.36,-30.34,-42.79,-78.49,36.42,5.52,17.38,
HOLDING,PUBLIC EQUITY,Direct Equity,Magnum Ice Cream Co NV,MICC,,1966,0.0%,7.47,16.45,9.84,,,,,newly filled from Morningstar Direct
HOLDING,PUBLIC EQUITY,Direct Equity,Solventum Corp,SOLV,Common Stock,1800,0.0%,2.94,18.15,-2.64,1.73,,,,
HOLDING,PUBLIC EQUITY,Direct Equity,Viatris Inc,VTRS,Common Stock,1755,0.0%,-2.34,18.43,29.48,83.20,20.17,5.03,-8.20,
HOLDING,PUBLIC EQUITY,Direct Equity,e.l.f. Beauty Inc,ELF,Common Stock,1680,0.0%,32.14,22.09,-2.68,-40.53,-13.47,22.21,,
HOLDING,PUBLIC EQUITY,Direct Equity,Mondelez International Inc Class A,MDLZ,Common Stock,1571,0.0%,-4.63,1.21,9.31,-11.27,-4.55,1.23,4.61,
HOLDING,PUBLIC EQUITY,Direct Equity,Huntington Bancshares Inc,HBAN,Common Stock,1383,0.0%,9.32,14.28,3.98,9.49,22.03,7.85,10.06,
HOLDING,PUBLIC EQUITY,Direct Equity,General Motors Co,GM,Common Stock,1258,0.0%,-7.18,3.70,-4.77,57.98,26.83,5.96,11.59,
HOLDING,PUBLIC EQUITY,Direct Equity,MGM Resorts International,MGM,Common Stock,1156,0.0%,9.48,29.18,31.02,39.02,2.87,2.32,8.13,
HOLDING,PUBLIC EQUITY,Direct Equity,D.R. Horton Inc,DHI,Common Stock,1151,0.0%,10.73,19.03,13.71,27.70,11.19,13.35,18.51,
HOLDING,PUBLIC EQUITY,Direct Equity,Millrose Properties Inc Class A,MRP,Common Stock,804,0.0%,6.48,10.04,5.66,15.68,,,,
HOLDING,PUBLIC EQUITY,Direct Equity,Sirius XM Holdings Inc,SIRI,Common Stock,788,0.0%,0.07,29.16,50.44,33.30,-10.26,-10.77,-0.06,
HOLDING,PUBLIC EQUITY,Direct Equity,Nike Inc Class B,NKE,Common Stock,699,0.0%,-10.32,-21.51,-34.28,-39.92,-25.47,-20.78,-0.49,
HOLDING,PUBLIC EQUITY,Direct Equity,Costco Wholesale Corp,COST,Common Stock,548,0.0%,-2.18,-5.97,8.80,-4.96,21.47,19.69,20.34,
HOLDING,PUBLIC EQUITY,Direct Equity,abrdn Physical Silver Shares ETF,SIVR,,528,0.0%,-22.44,-19.17,-18.45,62.94,37.39,17.59,12.01,newly filled from Morningstar Direct
HOLDING,PUBLIC EQUITY,Direct Equity,Chipotle Mexican Grill Inc,CMG,Common Stock,524,0.0%,6.72,6.22,-8.11,-39.45,-7.37,1.86,15.49,
HOLDING,PUBLIC EQUITY,Direct Equity,Occidental Petroleum Warrants 03/08/2027,OXYWS,Common Stock,485,0.0%,0.00,0.00,,,,,,no Morningstar return security
HOLDING,PUBLIC EQUITY,Direct Equity,Lululemon Athletica Inc,LULU,Common Stock,390,0.0%,-12.96,-25.42,-45.06,-51.94,-32.93,-20.74,4.45,
HOLDING,PUBLIC EQUITY,Direct Equity,Gossamer Bio,GOSS,Common Stock,346,0.0%,-28.71,-49.89,-94.69,-86.62,-48.43,-54.15,,
HOLDING,PUBLIC EQUITY,Direct Equity,Lennar Corp Class A,LEN,,87,0.0%,0.79,4.78,-11.00,-16.38,-5.83,1.57,9.21,newly filled from Morningstar Direct
HOLDING,PUBLIC EQUITY,Direct Equity,ServiceNow Inc,NOW,Common Stock,0,0.0%,-20.17,-5.04,-35.19,-51.72,-4.05,-2.01,22.28,
HOLDING,PUBLIC EQUITY,Direct Equity,Selina Hospitality PLC,SLNAF,,0,0.0%,0.00,0.00,0.00,-95.00,-99.00,,,degenerate/delisted ~$0; newly filled from Morningstar Direct
HOLDING,PUBLIC EQUITY,Direct Equity,Wild Craze Inc,968080101,,0,0.0%,,,,,,,,no Morningstar return security
HOLDING,PUBLIC EQUITY,Direct Equity,Super Micro Computer Inc,SMCI,Common Stock,0,0.0%,-36.36,28.81,0.20,-40.16,5.57,52.83,28.00,
HOLDING,PUBLIC EQUITY,Direct Equity,Snap Inc Class A,SNAP,Common Stock,0,0.0%,-22.24,-3.48,-44.98,-48.91,-27.89,-42.08,,
SUBTOTAL,PUBLIC EQUITY,Direct Equity,Direct Equity subtotal ‡,,,30029349,19.2%,-2.51,29.30,24.93,83.09,35.58,20.59,27.90,
BENCHMARK,PUBLIC EQUITY,,vs. S&P 500,,,,,-0.95,15.20,10.21,22.32,20.61,13.41,15.49,
BENCHMARK,PUBLIC EQUITY,,vs. Russell 2000,,,,,3.74,21.49,22.57,40.78,18.60,6.98,11.58,
SLEEVE,PUBLIC EQUITY,Other / Multi-Asset,,,,,,,,,,,,,
HOLDING,PUBLIC EQUITY,Other / Multi-Asset,NH Aggressive Growth Portfolio (Fidelity managed index),NH,Allocation,560132,0.4%,-0.08,14.53,12.56,25.19,19.92,10.97,13.11,newly filled from Morningstar Direct
SECTION,FIXED INCOME,,,,,,,,,,,,,,
SLEEVE,FIXED INCOME,Multi-Sector Bond,,,,,,,,,,,,,
HOLDING,FIXED INCOME,Multi-Sector Bond,Angel Oak Multi-Strategy Income Instl,ANGIX,US Multisector Bond,5753944,3.7%,0.68,1.62,2.64,6.54,7.45,2.18,3.07,
HOLDING,FIXED INCOME,Multi-Sector Bond,Guggenheim Total Return Bond Instl,GIBIX,US Interm Core-Plus,2560183,1.6%,0.28,1.05,0.95,4.40,5.44,0.54,2.95,
HOLDING,FIXED INCOME,Multi-Sector Bond,PIMCO Flexible Credit Income Inst,PFLEX,US Multisector Bond,2175312,1.4%,1.41,3.11,1.81,8.20,11.98,4.72,,
HOLDING,FIXED INCOME,Multi-Sector Bond,Regan Total Return Income Institutional,RCIRX,US Nontraditional Bond,2324255,1.5%,0.39,1.16,1.87,5.34,6.96,4.98,,
SUBTOTAL,FIXED INCOME,Multi-Sector Bond,Multi-Sector Bond subtotal,,,12813694,8.2%,0.67,1.68,2.02,6.18,7.73,2.79,3.03,
BENCHMARK,FIXED INCOME,,vs. Bloomberg US Agg Bond,,,,,0.28,0.32,0.28,2.71,3.17,-0.42,0.84,
SLEEVE,FIXED INCOME,Short Duration,,,,,,,,,,,,,
HOLDING,FIXED INCOME,Short Duration,Diamond Hill Short Dur Securitized Bd I,DHEIX,US Short-Term Bond,2267390,1.4%,0.25,1.20,2.04,4.76,7.97,4.67,,
HOLDING,FIXED INCOME,Short Duration,Angel Oak UltraShort Income ETF,UYLD,US Ultrashort Bond,4003966,2.6%,0.30,1.06,1.97,4.60,5.97,,,
HOLDING,FIXED INCOME,Short Duration,Angel Oak UltraShort Income Instl,AOUIX,US Ultrashort Bond,843149,0.5%,0.37,1.12,1.99,4.73,6.08,3.60,,
SUBTOTAL,FIXED INCOME,Short Duration,Short Duration subtotal,,,7114505,4.5%,0.29,1.11,1.99,4.67,6.62,4.38,,
BENCHMARK,FIXED INCOME,,vs. Blmbg 1-3 Mth T-Bill,,,,,0.29,0.88,1.74,3.83,4.60,3.47,2.21,
SLEEVE,FIXED INCOME,Bank Loan / High Yield,,,,,,,,,,,,,
HOLDING,FIXED INCOME,Bank Loan / High Yield,Flat Rock Opportunity USD,FROPX,US Alt Credit/CLO Eq,2234910,1.4%,0.55,2.29,-4.13,-5.09,7.29,6.62,,
HOLDING,FIXED INCOME,Bank Loan / High Yield,Guggenheim Floating Rate Strats Instl,GIFIX,US Bank Loan,2236195,1.4%,0.67,2.31,1.80,3.26,6.33,5.30,4.63,
HOLDING,FIXED INCOME,Bank Loan / High Yield,BrandywineGLOBAL Corporate Credit I,BCGIX,US High Yield Bond,116012,0.1%,0.21,2.01,1.06,4.13,7.83,4.14,5.99,
SUBTOTAL,FIXED INCOME,Bank Loan / High Yield,Bank Loan / High Yield subtotal,,,4587117,2.9%,0.60,2.29,-1.11,-0.79,6.84,5.91,4.70,
BENCHMARK,FIXED INCOME,,vs. Bloomberg US Corp HY,,,,,0.27,2.47,1.96,5.91,8.86,4.17,5.77,
SLEEVE,FIXED INCOME,Core / Govt Bond ETFs,,,,,,,,,,,,,
HOLDING,FIXED INCOME,Core / Govt Bond ETFs,iShares Short Duration Bond Active ETF,NEAR,Bond ETF / fund,6004648,3.8%,0.10,0.72,0.88,3.56,5.51,3.87,2.85,newly filled from Morningstar Direct
HOLDING,FIXED INCOME,Core / Govt Bond ETFs,iShares US Treasury Bond ETF,GOVT,Bond ETF / fund,2800030,1.8%,0.30,0.31,0.41,2.70,3.14,-0.46,0.78,newly filled from Morningstar Direct
HOLDING,FIXED INCOME,Core / Govt Bond ETFs,JPMorgan Active Bond ETF,JBND,Bond ETF / fund,2302493,1.5%,0.32,0.67,0.91,4.30,,,,newly filled from Morningstar Direct
HOLDING,FIXED INCOME,Core / Govt Bond ETFs,SPDR Port Interm Term Corp Bond ETF,SPIB,Bond ETF / fund,1404395,0.9%,0.13,0.98,0.81,4.13,5.94,1.80,2.81,newly filled from Morningstar Direct
HOLDING,FIXED INCOME,Core / Govt Bond ETFs,SPDR Portfolio Long Term Treasury ETF,SPTL,Bond ETF / fund,67007,0.0%,1.02,0.85,0.69,2.87,-0.47,-5.65,-1.38,newly filled from Morningstar Direct
HOLDING,FIXED INCOME,Core / Govt Bond ETFs,iShares 7-10 Year Treasury Bond ETF,IEF,Bond ETF / fund,29055,0.0%,0.27,0.09,-0.03,2.61,2.95,-1.14,0.51,newly filled from Morningstar Direct
HOLDING,FIXED INCOME,Core / Govt Bond ETFs,Vanguard Extended Duration Treasury ETF,EDV,Bond ETF / fund,20010,0.0%,2.00,1.34,0.93,1.60,-5.13,-10.49,-3.69,newly filled from Morningstar Direct
HOLDING,FIXED INCOME,Core / Govt Bond ETFs,Lind Capital Partners Muni Credit Income,LCPMX,Bond ETF / fund,524522,0.3%,1.34,3.61,5.00,11.15,6.08,2.35,,newly filled from Morningstar Direct
SUBTOTAL,FIXED INCOME,Core / Govt Bond ETFs,Core / Govt Bond ETFs subtotal,,,13152160,8.4%,0.24,0.77,0.94,3.86,4.92,2.31,2.24,
BENCHMARK,FIXED INCOME,,vs. Bloomberg US Agg Bond,,,,,0.28,0.32,0.28,2.71,3.17,-0.42,0.84,
SLEEVE,FIXED INCOME,Money Market & Cash,,,,,,,,,,,,,
HOLDING,FIXED INCOME,Money Market & Cash,Fidelity Government Cash Reserves,FDRXX,US MM-Taxable,5968656,3.8%,0.26,0.84,1.68,3.67,4.40,3.34,2.10,
HOLDING,FIXED INCOME,Money Market & Cash,Fidelity Inv MM Money Market Instl,FNSXX,US Prime MM,27578339,17.6%,0.28,0.90,1.82,3.95,4.71,3.64,2.46,
HOLDING,FIXED INCOME,Money Market & Cash,Fidelity Inv MM Government Instl,FRGXX,US MM-Taxable,15836721,10.1%,0.27,0.89,1.79,3.89,4.65,3.55,2.29,
HOLDING,FIXED INCOME,Money Market & Cash,Fidelity Inv MM Treasury Only Instl,FRSXX,US MM-Taxable,301952,0.2%,0.27,0.89,1.79,3.86,4.62,3.50,2.25,
HOLDING,FIXED INCOME,Money Market & Cash,Fidelity Inv MM Treasury Instl,FRBXX,US MM-Taxable,95591,0.1%,0.27,0.89,1.79,3.88,4.64,3.55,2.28,
HOLDING,FIXED INCOME,Money Market & Cash,Fidelity Inv MM Money Market I,FMPXX,US Prime MM,6009197,3.8%,0.27,0.89,1.80,3.90,4.67,3.61,2.42,
HOLDING,FIXED INCOME,Money Market & Cash,Fidelity Inv MM Tax Exempt I,FTCXX,US MM-Tax-Free,519,0.0%,0.19,0.61,1.10,2.39,2.91,2.25,1.53,
HOLDING,FIXED INCOME,Money Market & Cash,Fidelity Treasury Money Market,FZFXX,US MM-Taxable,37065,0.0%,0.25,0.82,1.65,3.59,4.35,3.31,2.05,
HOLDING,FIXED INCOME,Money Market & Cash,Fidelity FCASH (core cash),FCASH,Money market / cash,313307,0.2%,,,,,,,,no Morningstar return security
HOLDING,FIXED INCOME,Money Market & Cash,iShares 0-3 Month Treasury Bond ETF,SGOV,Money market / cash,1018033,0.6%,0.30,0.90,1.77,3.90,4.68,3.59,,newly filled from Morningstar Direct
HOLDING,FIXED INCOME,Money Market & Cash,iShares Ultra Short-Term Bond Active ETF,ICSH,Money market / cash,500100,0.3%,0.26,0.91,1.71,4.11,5.12,3.72,2.79,newly filled from Morningstar Direct
SUBTOTAL,FIXED INCOME,Money Market & Cash,Money Market & Cash subtotal,,,57659480,36.8%,0.27,0.89,1.79,3.90,4.66,3.58,2.37,
BENCHMARK,FIXED INCOME,,vs. Blmbg 1-3 Mth T-Bill,,,,,0.29,0.88,1.74,3.83,4.60,3.47,2.21,
TOTAL,FIXED INCOME,,Total Equity & Real Assets,,,61381140,39.2%,-1.65,19.84,13.89,45.87,26.31,13.40,21.01,recomputed; includes verified MU/AMD/MRVL; excludes only 3 no-data holdings
TOTAL,,,Total Fixed Income & Cash,,,95326956,60.8%,0.34,1.06,1.58,4.03,5.37,3.46,2.49,recomputed
TOTAL,,,Total Public Markets,,,156708096,100.0%,-0.44,8.43,6.41,20.45,13.68,7.48,9.48,recomputed
BENCHMARK,,,vs. S&P 500,,,,,-0.95,15.20,10.21,22.32,20.61,13.41,15.49,
BENCHMARK,,,vs. Bloomberg US Agg Bond,,,,,0.28,0.32,0.28,2.71,3.17,-0.42,0.84,
